timestamp,rss_kb,cpu_pct
2026-08-17T14:02:18.765Z,71220,25.2
2026-08-17T14:02:19.773Z,71220,11.7
2026-08-17T14:02:20.780Z,71220,7.6
2026-08-17T14:02:21.787Z,71220,5.6
2026-08-17T14:02:22.794Z,71220,4.4
2026-08-17T14:02:23.801Z,71220,3.7
2026-08-17T14:02:24.807Z,71220,3.1
2026-08-17T14:02:25.813Z,71220,2.7
2026-08-17T14:02:26.819Z,71220,2.4
2026-08-17T14:02:27.826Z,71220,2.2
2026-08-17T14:02:28.834Z,71220,2.0
2026-08-17T14:02:29.840Z,71220,1.8
2026-08-17T14:02:30.846Z,71220,1.6
2026-08-17T14:02:31.853Z,71220,1.5
2026-08-17T14:02:32.860Z,71220,1.4
2026-08-17T14:02:33.867Z,71220,1.3
2026-08-17T14:02:34.876Z,71220,1.2
2026-08-17T14:02:35.882Z,74020,1.3
2026-08-17T14:02:36.889Z,75712,1.3
2026-08-17T14:02:37.897Z,76908,1.4
2026-08-17T14:02:38.904Z,77140,1.4
2026-08-17T14:02:39.911Z,77276,1.5
2026-08-17T14:02:40.917Z,78028,1.6
2026-08-17T14:02:41.925Z,78460,1.8
2026-08-17T14:02:42.934Z,78524,1.9
2026-08-17T14:02:43.942Z,78564,2.1
2026-08-17T14:02:44.948Z,78792,2.2
2026-08-17T14:02:45.955Z,79472,2.4
2026-08-17T14:02:46.964Z,80608,2.7
2026-08-17T14:02:47.970Z,80184,2.9
2026-08-17T14:02:48.977Z,83504,3.2
2026-08-17T14:02:49.983Z,83516,3.4
2026-08-17T14:02:50.990Z,85320,3.7
2026-08-17T14:02:51.998Z,87692,3.8
2026-08-17T14:02:53.005Z,88268,4.1
2026-08-17T14:02:54.012Z,88848,4.3
2026-08-17T14:02:55.018Z,88780,4.5
2026-08-17T14:02:56.025Z,89692,4.7
2026-08-17T14:02:57.034Z,90032,4.9
2026-08-17T14:02:58.041Z,90432,5.1
2026-08-17T14:02:59.048Z,90448,5.3
2026-08-17T14:03:00.054Z,90584,5.5
2026-08-17T14:03:01.063Z,91084,5.6
2026-08-17T14:03:02.069Z,91116,5.8
2026-08-17T14:03:03.076Z,91572,6.0
2026-08-17T14:03:04.082Z,95408,6.1
2026-08-17T14:03:05.089Z,97292,6.2
2026-08-17T14:03:06.097Z,101488,6.4
2026-08-17T14:03:07.104Z,102076,6.5
2026-08-17T14:03:08.111Z,103240,6.6
2026-08-17T14:03:09.117Z,103036,6.7
2026-08-17T14:03:10.124Z,102300,6.8
2026-08-17T14:03:11.133Z,103408,7.0
2026-08-17T14:03:12.141Z,102820,7.1
2026-08-17T14:03:13.147Z,102996,7.2
2026-08-17T14:03:14.153Z,102880,7.2
2026-08-17T14:03:15.161Z,103068,7.3
2026-08-17T14:03:16.168Z,104032,7.4
2026-08-17T14:03:17.175Z,103708,7.4
2026-08-17T14:03:18.182Z,104832,7.5
2026-08-17T14:03:19.188Z,104300,7.6
2026-08-17T14:03:20.195Z,104732,7.7
2026-08-17T14:03:21.203Z,105152,7.8
2026-08-17T14:03:22.209Z,104304,7.8
2026-08-17T14:03:23.216Z,105476,7.9
2026-08-17T14:03:24.223Z,104888,8.0
2026-08-17T14:03:25.233Z,104896,8.0
2026-08-17T14:03:26.240Z,105024,8.1
2026-08-17T14:03:27.246Z,106068,8.1
2026-08-17T14:03:28.252Z,105912,8.2
2026-08-17T14:03:29.263Z,107048,8.2
2026-08-17T14:03:30.270Z,106452,8.3
2026-08-17T14:03:31.277Z,107944,8.4
2026-08-17T14:03:32.283Z,111748,8.4
2026-08-17T14:03:33.290Z,117968,8.5
2026-08-17T14:03:34.297Z,118760,8.6
2026-08-17T14:03:35.305Z,119280,8.6
2026-08-17T14:03:36.312Z,122040,8.7
2026-08-17T14:03:37.318Z,126776,8.7
2026-08-17T14:03:38.325Z,127328,8.8
2026-08-17T14:03:39.334Z,128064,8.8
2026-08-17T14:03:40.342Z,129160,8.8
2026-08-17T14:03:41.349Z,130004,8.9
2026-08-17T14:03:42.355Z,128020,8.9
2026-08-17T14:03:43.364Z,129116,9.0
2026-08-17T14:03:44.371Z,129940,9.0
2026-08-17T14:03:45.379Z,131324,9.0
2026-08-17T14:03:46.385Z,128324,9.1
2026-08-17T14:03:47.393Z,128668,9.1
2026-08-17T14:03:48.400Z,128856,9.2
2026-08-17T14:03:49.408Z,129592,9.2
2026-08-17T14:03:50.414Z,128360,9.2
2026-08-17T14:03:51.421Z,129440,9.3
2026-08-17T14:03:52.430Z,130168,9.3
2026-08-17T14:03:53.438Z,130700,9.3
2026-08-17T14:03:54.445Z,129168,9.4
2026-08-17T14:03:55.452Z,130272,9.4
2026-08-17T14:03:56.459Z,131152,9.5
2026-08-17T14:03:57.467Z,129252,9.5
2026-08-17T14:03:58.474Z,129424,9.6
2026-08-17T14:03:59.481Z,129800,9.6
2026-08-17T14:04:00.488Z,129440,9.7
2026-08-17T14:04:01.496Z,130556,9.8
2026-08-17T14:04:02.503Z,131792,9.9
2026-08-17T14:04:03.510Z,129460,10.0
2026-08-17T14:04:04.516Z,130584,10.1
2026-08-17T14:04:05.523Z,130740,10.3
2026-08-17T14:04:06.532Z,132904,10.4
2026-08-17T14:04:07.539Z,130972,10.5
2026-08-17T14:04:08.548Z,129388,10.7
2026-08-17T14:04:09.554Z,130640,10.9
2026-08-17T14:04:10.562Z,130432,11.1
2026-08-17T14:04:11.569Z,132340,11.3
2026-08-17T14:04:12.577Z,131852,11.4
2026-08-17T14:04:13.583Z,131964,11.6
2026-08-17T14:04:14.589Z,135484,11.8
2026-08-17T14:04:15.598Z,149856,11.9
2026-08-17T14:04:16.605Z,156012,12.0
2026-08-17T14:04:17.612Z,157904,12.1
2026-08-17T14:04:18.618Z,163484,12.1
2026-08-17T14:04:19.625Z,175896,12.2
2026-08-17T14:04:20.634Z,175944,12.3
2026-08-17T14:04:21.644Z,179172,12.4
2026-08-17T14:04:22.651Z,180544,12.5
2026-08-17T14:04:23.658Z,178336,12.7
2026-08-17T14:04:24.667Z,180160,12.8
2026-08-17T14:04:25.676Z,181796,13.0
2026-08-17T14:04:26.683Z,180632,13.1
2026-08-17T14:04:27.689Z,182444,13.3
2026-08-17T14:04:28.699Z,183928,13.4
2026-08-17T14:04:29.706Z,180144,13.5
2026-08-17T14:04:30.712Z,182184,13.6
2026-08-17T14:04:31.719Z,183184,13.6
2026-08-17T14:04:32.728Z,185996,13.7
2026-08-17T14:04:33.737Z,180396,13.7
2026-08-17T14:04:34.744Z,183264,13.8
2026-08-17T14:04:35.751Z,183984,13.8
2026-08-17T14:04:36.758Z,186544,13.9
2026-08-17T14:04:37.766Z,182044,13.9
2026-08-17T14:04:38.773Z,183692,13.9
2026-08-17T14:04:39.780Z,185540,14.0
2026-08-17T14:04:40.787Z,182408,14.2
2026-08-17T14:04:41.795Z,184412,14.3
2026-08-17T14:04:42.802Z,185696,14.3
2026-08-17T14:04:43.810Z,187996,14.4
2026-08-17T14:04:44.817Z,183572,14.4
2026-08-17T14:04:45.824Z,184448,14.5
2026-08-17T14:04:46.832Z,186428,14.5
2026-08-17T14:04:47.840Z,188476,14.6
2026-08-17T14:04:48.846Z,183788,14.6
2026-08-17T14:04:49.854Z,184508,14.6
2026-08-17T14:04:50.862Z,186672,14.7
2026-08-17T14:04:51.870Z,187224,14.7
2026-08-17T14:04:52.878Z,183632,14.7
2026-08-17T14:04:53.885Z,185464,14.8
2026-08-17T14:04:54.892Z,187608,15.0
2026-08-17T14:04:55.900Z,183460,15.0
2026-08-17T14:04:56.909Z,185104,15.2
2026-08-17T14:04:57.916Z,187624,15.3
2026-08-17T14:04:58.927Z,184744,15.4
2026-08-17T14:04:59.937Z,187280,15.5
2026-08-17T14:05:00.944Z,190432,15.6
2026-08-17T14:05:01.950Z,183848,15.7
2026-08-17T14:05:02.957Z,183992,15.7
2026-08-17T14:05:03.964Z,184352,15.7
2026-08-17T14:05:04.973Z,185824,15.7
2026-08-17T14:05:05.979Z,183476,15.8
2026-08-17T14:05:06.986Z,184540,15.8
2026-08-17T14:05:07.992Z,185840,15.8
2026-08-17T14:05:09.000Z,186904,15.8
2026-08-17T14:05:10.007Z,183176,15.9
2026-08-17T14:05:11.013Z,183872,15.9
2026-08-17T14:05:12.020Z,186392,15.9
2026-08-17T14:05:13.028Z,182472,16.0
2026-08-17T14:05:14.036Z,184820,16.1
2026-08-17T14:05:15.044Z,187528,16.2
2026-08-17T14:05:16.051Z,182944,16.3
2026-08-17T14:05:17.058Z,184180,16.3
2026-08-17T14:05:18.067Z,185432,16.3
2026-08-17T14:05:19.074Z,186352,16.4
2026-08-17T14:05:20.081Z,183424,16.4
2026-08-17T14:05:21.088Z,183784,16.4
2026-08-17T14:05:22.095Z,185428,16.4
2026-08-17T14:05:23.102Z,186708,16.4
2026-08-17T14:05:24.110Z,183452,16.4
2026-08-17T14:05:25.116Z,184736,16.5
2026-08-17T14:05:26.124Z,187068,16.5
2026-08-17T14:05:27.132Z,189748,16.6
2026-08-17T14:05:28.140Z,185288,16.7
2026-08-17T14:05:29.147Z,187256,16.7
2026-08-17T14:05:30.153Z,188512,16.7
2026-08-17T14:05:31.162Z,182572,16.8
2026-08-17T14:05:32.170Z,182748,16.8
2026-08-17T14:05:33.177Z,185072,16.8
2026-08-17T14:05:34.183Z,185792,16.8
2026-08-17T14:05:35.190Z,183136,16.8
2026-08-17T14:05:36.199Z,184560,16.9
2026-08-17T14:05:37.205Z,186172,16.9
2026-08-17T14:05:38.212Z,186460,16.9
2026-08-17T14:05:39.219Z,185032,16.9
2026-08-17T14:05:40.227Z,187512,17.0
2026-08-17T14:05:41.235Z,189464,17.0
2026-08-17T14:05:42.242Z,184464,17.1
2026-08-17T14:05:43.249Z,186108,17.2
2026-08-17T14:05:44.256Z,188236,17.3
2026-08-17T14:05:45.266Z,184612,17.3
2026-08-17T14:05:46.275Z,186364,17.4
2026-08-17T14:05:47.282Z,187652,17.5
2026-08-17T14:05:48.289Z,184588,17.6
2026-08-17T14:05:49.297Z,185512,17.6
2026-08-17T14:05:50.304Z,187416,17.6
2026-08-17T14:05:51.312Z,184352,17.6
2026-08-17T14:05:52.318Z,184524,17.6
2026-08-17T14:05:53.327Z,187560,17.6
2026-08-17T14:05:54.335Z,187920,17.6
2026-08-17T14:05:55.342Z,187920,17.6
2026-08-17T14:05:56.349Z,193544,17.6
2026-08-17T14:05:57.356Z,194452,17.6
2026-08-17T14:05:58.364Z,195532,17.6
2026-08-17T14:05:59.373Z,186688,17.7
2026-08-17T14:06:00.382Z,189348,17.8
2026-08-17T14:06:01.389Z,185864,17.9
2026-08-17T14:06:02.397Z,186224,17.9
2026-08-17T14:06:03.404Z,187288,17.9
2026-08-17T14:06:04.411Z,186272,17.9
2026-08-17T14:06:05.418Z,186992,17.9
2026-08-17T14:06:06.426Z,187900,17.9
2026-08-17T14:06:07.437Z,105176,18.0
2026-08-17T14:06:08.444Z,108448,18.0
2026-08-17T14:06:09.450Z,109220,18.0
2026-08-17T14:06:10.456Z,109408,17.9
2026-08-17T14:06:11.465Z,112304,18.0
2026-08-17T14:06:12.472Z,113852,18.2
2026-08-17T14:06:13.481Z,119608,18.3
2026-08-17T14:06:14.488Z,119560,18.3
2026-08-17T14:06:15.497Z,120580,18.3
2026-08-17T14:06:16.504Z,123036,18.3
2026-08-17T14:06:17.510Z,121132,18.3
2026-08-17T14:06:18.516Z,121492,18.3
2026-08-17T14:06:19.523Z,121664,18.3
2026-08-17T14:06:20.533Z,124264,18.3
2026-08-17T14:06:21.541Z,124232,18.3
2026-08-17T14:06:22.547Z,124232,18.3
2026-08-17T14:06:23.554Z,121708,18.3
2026-08-17T14:06:24.562Z,122240,18.4
2026-08-17T14:06:25.570Z,122616,18.5
2026-08-17T14:06:26.577Z,122084,18.5
2026-08-17T14:06:27.584Z,122300,18.5
2026-08-17T14:06:28.591Z,122496,18.5
2026-08-17T14:06:29.599Z,125092,18.5
2026-08-17T14:06:30.607Z,130120,18.5
2026-08-17T14:06:31.613Z,131408,18.5
2026-08-17T14:06:32.619Z,139660,18.5
2026-08-17T14:06:33.627Z,139300,18.5
2026-08-17T14:06:34.634Z,139300,18.5
2026-08-17T14:06:35.643Z,142624,18.5
2026-08-17T14:06:36.649Z,139540,18.5
2026-08-17T14:06:37.656Z,139540,18.4
2026-08-17T14:06:38.664Z,139540,18.4
2026-08-17T14:06:39.671Z,139540,18.3
2026-08-17T14:06:40.677Z,139540,18.3
2026-08-17T14:06:41.685Z,139540,18.2
2026-08-17T14:06:42.692Z,139540,18.2
2026-08-17T14:06:43.700Z,139560,18.2
2026-08-17T14:06:44.707Z,139392,18.1
2026-08-17T14:06:45.713Z,139404,18.1
2026-08-17T14:06:46.720Z,139404,18.0
2026-08-17T14:06:47.728Z,139404,18.0
2026-08-17T14:06:48.736Z,139404,17.9
2026-08-17T14:06:49.744Z,139404,17.9
2026-08-17T14:06:50.750Z,139404,17.8
2026-08-17T14:06:51.757Z,139404,17.8
2026-08-17T14:06:52.765Z,145496,17.8
2026-08-17T14:06:53.771Z,145136,17.8
2026-08-17T14:06:54.778Z,139472,17.7
2026-08-17T14:06:55.784Z,139472,17.7
2026-08-17T14:06:56.791Z,139660,17.6
2026-08-17T14:06:57.798Z,139660,17.6
2026-08-17T14:06:58.805Z,139660,17.5
2026-08-17T14:06:59.811Z,139660,17.5
2026-08-17T14:07:00.818Z,139660,17.4
2026-08-17T14:07:01.825Z,139660,17.4
2026-08-17T14:07:02.833Z,139660,17.3
2026-08-17T14:07:03.840Z,139660,17.2
2026-08-17T14:07:04.847Z,140084,17.2
2026-08-17T14:07:05.853Z,147600,17.2
2026-08-17T14:07:06.861Z,146724,17.2
2026-08-17T14:07:07.868Z,146552,17.1
2026-08-17T14:07:08.874Z,146552,17.1
2026-08-17T14:07:09.881Z,146552,17.1
2026-08-17T14:07:10.889Z,146552,17.0
2026-08-17T14:07:11.896Z,146552,16.9
2026-08-17T14:07:12.904Z,146552,16.9
2026-08-17T14:07:13.910Z,146724,16.9
2026-08-17T14:07:14.917Z,146724,16.8
2026-08-17T14:07:15.925Z,146724,16.8
2026-08-17T14:07:16.932Z,146724,16.7
2026-08-17T14:07:17.939Z,146552,16.7
2026-08-17T14:07:18.947Z,146684,16.7
2026-08-17T14:07:19.954Z,146360,16.8
2026-08-17T14:07:20.963Z,146360,16.9
2026-08-17T14:07:21.971Z,146548,17.0
2026-08-17T14:07:22.980Z,146892,17.1
2026-08-17T14:07:23.986Z,145296,17.2
2026-08-17T14:07:24.995Z,144600,17.4
2026-08-17T14:07:26.002Z,144444,17.5
2026-08-17T14:07:27.010Z,144428,17.6
2026-08-17T14:07:28.017Z,144380,17.7
2026-08-17T14:07:29.025Z,144736,17.9
2026-08-17T14:07:30.036Z,145128,18.0
2026-08-17T14:07:31.044Z,145292,18.1
2026-08-17T14:07:32.053Z,145308,18.1
2026-08-17T14:07:33.060Z,145480,18.1
2026-08-17T14:07:34.068Z,145932,18.1
2026-08-17T14:07:35.075Z,145592,18.1
2026-08-17T14:07:36.082Z,145388,18.1
2026-08-17T14:07:37.090Z,146284,18.1
2026-08-17T14:07:38.098Z,146128,18.1
2026-08-17T14:07:39.105Z,145948,18.1
2026-08-17T14:07:40.112Z,145764,18.1
2026-08-17T14:07:41.118Z,145984,18.1
2026-08-17T14:07:42.131Z,146512,18.1
2026-08-17T14:07:43.139Z,146152,18.1
2026-08-17T14:07:44.146Z,146164,18.1
2026-08-17T14:07:45.152Z,146808,18.1
2026-08-17T14:07:46.160Z,151216,18.2
2026-08-17T14:07:47.167Z,151404,18.1
2026-08-17T14:07:48.175Z,151576,18.1
2026-08-17T14:07:49.181Z,151216,18.1
2026-08-17T14:07:50.188Z,156100,18.1
2026-08-17T14:07:51.195Z,154520,18.1
2026-08-17T14:07:52.203Z,154880,18.1
2026-08-17T14:07:53.210Z,154880,18.1
2026-08-17T14:07:54.216Z,154692,18.1
2026-08-17T14:07:55.222Z,155756,18.1
2026-08-17T14:07:56.231Z,150708,18.1
2026-08-17T14:07:57.240Z,150896,18.1
2026-08-17T14:07:58.247Z,150896,18.1
2026-08-17T14:07:59.253Z,150880,18.1
2026-08-17T14:08:00.261Z,158160,18.1
2026-08-17T14:08:01.270Z,155712,18.1
2026-08-17T14:08:02.277Z,156432,18.2
2026-08-17T14:08:03.284Z,155172,18.3
2026-08-17T14:08:04.291Z,151140,18.4
2026-08-17T14:08:05.301Z,152220,18.5
2026-08-17T14:08:06.310Z,151124,18.6
2026-08-17T14:08:07.316Z,151312,18.5
2026-08-17T14:08:08.323Z,151004,18.5
2026-08-17T14:08:09.333Z,150816,18.5
2026-08-17T14:08:10.340Z,152480,18.6
2026-08-17T14:08:11.346Z,152480,18.5
2026-08-17T14:08:12.353Z,152752,18.5
2026-08-17T14:08:13.361Z,154068,18.5
2026-08-17T14:08:14.368Z,154528,18.5
2026-08-17T14:08:15.376Z,152540,18.5
2026-08-17T14:08:16.384Z,154772,18.6
2026-08-17T14:08:17.391Z,165212,18.7
2026-08-17T14:08:18.400Z,171260,18.7
2026-08-17T14:08:19.407Z,176016,18.7
2026-08-17T14:08:20.413Z,178096,18.7
2026-08-17T14:08:21.421Z,182420,18.7
2026-08-17T14:08:22.430Z,179988,18.7
2026-08-17T14:08:23.438Z,181092,18.7
2026-08-17T14:08:24.445Z,181092,18.7
2026-08-17T14:08:25.451Z,178964,18.7
2026-08-17T14:08:26.458Z,184720,18.7
2026-08-17T14:08:27.466Z,188652,18.8
2026-08-17T14:08:28.475Z,188736,18.8
2026-08-17T14:08:29.482Z,188052,18.9
2026-08-17T14:08:30.489Z,184832,19.0
2026-08-17T14:08:31.498Z,185740,19.1
2026-08-17T14:08:32.505Z,182468,19.1
2026-08-17T14:08:33.512Z,183392,19.1
2026-08-17T14:08:34.519Z,183392,19.0
2026-08-17T14:08:35.525Z,182640,19.0
2026-08-17T14:08:36.534Z,186128,19.0
2026-08-17T14:08:37.541Z,182512,19.0
2026-08-17T14:08:38.548Z,182700,19.0
2026-08-17T14:08:39.554Z,183608,19.0
2026-08-17T14:08:40.564Z,187432,19.0
2026-08-17T14:08:41.573Z,191092,19.0
2026-08-17T14:08:42.579Z,187756,19.1
2026-08-17T14:08:43.586Z,188648,19.2
2026-08-17T14:08:44.594Z,188992,19.2
2026-08-17T14:08:45.601Z,187052,19.2
2026-08-17T14:08:46.608Z,187052,19.1
2026-08-17T14:08:47.615Z,189592,19.2
2026-08-17T14:08:48.623Z,187776,19.2
2026-08-17T14:08:49.632Z,188292,19.2
2026-08-17T14:08:50.640Z,188824,19.2
2026-08-17T14:08:51.646Z,188824,19.1
2026-08-17T14:08:52.655Z,190372,19.1
2026-08-17T14:08:53.664Z,187820,19.2
2026-08-17T14:08:54.672Z,187288,19.2
2026-08-17T14:08:55.679Z,190120,19.3
2026-08-17T14:08:56.685Z,187288,19.3
2026-08-17T14:08:57.694Z,187664,19.2
2026-08-17T14:08:58.701Z,188400,19.2
2026-08-17T14:08:59.708Z,187696,19.2
2026-08-17T14:09:00.716Z,189512,19.2
2026-08-17T14:09:01.723Z,190592,19.2
2026-08-17T14:09:02.732Z,187336,19.2
2026-08-17T14:09:03.739Z,187336,19.2
2026-08-17T14:09:04.746Z,189016,19.2
2026-08-17T14:09:05.754Z,188128,19.3
2026-08-17T14:09:06.761Z,190240,19.4
2026-08-17T14:09:07.769Z,188316,19.4
2026-08-17T14:09:08.776Z,187152,19.5
2026-08-17T14:09:09.783Z,189688,19.5
2026-08-17T14:09:10.789Z,186964,19.5
2026-08-17T14:09:11.797Z,187512,19.5
2026-08-17T14:09:12.804Z,188780,19.5
2026-08-17T14:09:13.811Z,188044,19.5
2026-08-17T14:09:14.817Z,190204,19.5
2026-08-17T14:09:15.824Z,190204,19.5
2026-08-17T14:09:16.833Z,186964,19.5
2026-08-17T14:09:17.841Z,187136,19.5
2026-08-17T14:09:18.847Z,188444,19.5
2026-08-17T14:09:19.854Z,190432,19.5
2026-08-17T14:09:20.863Z,189916,19.6
2026-08-17T14:09:21.871Z,189336,19.6
2026-08-17T14:09:22.878Z,190932,19.6
2026-08-17T14:09:23.884Z,187160,19.6
2026-08-17T14:09:24.891Z,187160,19.6
2026-08-17T14:09:25.899Z,189492,19.6
2026-08-17T14:09:26.906Z,189492,19.6
2026-08-17T14:09:27.914Z,189852,19.6
2026-08-17T14:09:28.921Z,187160,19.6
2026-08-17T14:09:29.930Z,187160,19.6
2026-08-17T14:09:30.940Z,187160,19.6
2026-08-17T14:09:31.947Z,188616,19.6
2026-08-17T14:09:32.953Z,189648,19.7
2026-08-17T14:09:33.961Z,189648,19.7
2026-08-17T14:09:34.968Z,189648,19.7
2026-08-17T14:09:35.975Z,189572,19.7
2026-08-17T14:09:36.981Z,189760,19.7
2026-08-17T14:09:37.988Z,189932,19.6
2026-08-17T14:09:38.996Z,189508,19.6
2026-08-17T14:09:40.003Z,189868,19.6
2026-08-17T14:09:41.010Z,191104,19.6
2026-08-17T14:09:42.016Z,187160,19.6
2026-08-17T14:09:43.023Z,188272,19.6
2026-08-17T14:09:44.033Z,188976,19.6
2026-08-17T14:09:45.040Z,189336,19.6
2026-08-17T14:09:46.047Z,189336,19.5
2026-08-17T14:09:47.053Z,189412,19.5
2026-08-17T14:09:48.060Z,189412,19.4
2026-08-17T14:09:49.067Z,189412,19.4
2026-08-17T14:09:50.074Z,189412,19.3
2026-08-17T14:09:51.080Z,189412,19.3
2026-08-17T14:09:52.087Z,189412,19.3
2026-08-17T14:09:53.094Z,189412,19.2
2026-08-17T14:09:54.101Z,189412,19.2
2026-08-17T14:09:55.108Z,189412,19.1
2026-08-17T14:09:56.115Z,189412,19.1
2026-08-17T14:09:57.121Z,189412,19.0
2026-08-17T14:09:58.129Z,189412,19.0
2026-08-17T14:09:59.136Z,189412,19.0
2026-08-17T14:10:00.143Z,123536,18.9
2026-08-17T14:10:01.149Z,123536,18.9
2026-08-17T14:10:02.155Z,123536,18.8
2026-08-17T14:10:03.162Z,123536,18.8
2026-08-17T14:10:04.169Z,123536,18.8
2026-08-17T14:10:05.176Z,123536,18.7
2026-08-17T14:10:06.182Z,123536,18.7
2026-08-17T14:10:07.189Z,123536,18.6
2026-08-17T14:10:08.197Z,123536,18.6
2026-08-17T14:10:09.204Z,123536,18.6
2026-08-17T14:10:10.210Z,123536,18.5
2026-08-17T14:10:11.217Z,123536,18.5
2026-08-17T14:10:12.224Z,123536,18.4
2026-08-17T14:10:13.232Z,123536,18.4
2026-08-17T14:10:14.238Z,123536,18.4
2026-08-17T14:10:15.245Z,123536,18.3
2026-08-17T14:10:16.251Z,123536,18.3
2026-08-17T14:10:17.258Z,123536,18.3
2026-08-17T14:10:18.265Z,123536,18.2
2026-08-17T14:10:19.271Z,123536,18.2
2026-08-17T14:10:20.278Z,123536,18.1
2026-08-17T14:10:21.284Z,123536,18.1
2026-08-17T14:10:22.291Z,123536,18.1
2026-08-17T14:10:23.299Z,123536,18.0
2026-08-17T14:10:24.305Z,123536,18.0
2026-08-17T14:10:25.312Z,123536,17.9
2026-08-17T14:10:26.319Z,123536,17.9
2026-08-17T14:10:27.325Z,123536,17.9
2026-08-17T14:10:28.333Z,123536,17.8
2026-08-17T14:10:29.339Z,123536,17.8
2026-08-17T14:10:30.345Z,123536,17.8
2026-08-17T14:10:31.352Z,123536,17.7
2026-08-17T14:10:32.360Z,123536,17.7
2026-08-17T14:10:33.367Z,123536,17.7
2026-08-17T14:10:34.374Z,123536,17.6
2026-08-17T14:10:35.380Z,123536,17.6
2026-08-17T14:10:36.387Z,123536,17.5
2026-08-17T14:10:37.395Z,123536,17.5
2026-08-17T14:10:38.402Z,123536,17.5
2026-08-17T14:10:39.409Z,123536,17.4
2026-08-17T14:10:40.415Z,123536,17.4
2026-08-17T14:10:41.422Z,123536,17.4
2026-08-17T14:10:42.429Z,123536,17.3
2026-08-17T14:10:43.436Z,123536,17.3
2026-08-17T14:10:44.442Z,123536,17.3
2026-08-17T14:10:45.448Z,123536,17.2
