tc_id,technique,email,email_raw_json,password,password_raw_json,content_type,method,endpoint,auth_bearer_from,body_raw_override,precondition_note,expected_status,expected_status_note,expected_token_present,expected_body_note,trace
TC-02,EP,TEST@ESHOP.COM,,Test1234!,,application/json,POST,/api/login,,,"account exists, unlocked, counter=0 (reset before running this row)",,UNSPECIFIED case-sensitivity outcome,UNSPECIFIED,record token presence/absence,EC-02
TC-03,EP,nobody-xyz@eshop.com,,Anything1!,,application/json,POST,/api/login,,,no account with this email,,UNSPECIFIED exact code,false,appropriate error cause not leaked,EC-03
TC-04,EP,not-an-email,,Test1234!,,application/json,POST,/api/login,,,,,UNSPECIFIED server-side format enforcement,UNSPECIFIED,record actual behavior,EC-04
TC-05,EP,,,Test1234!,,application/json,POST,/api/login,,,,,UNSPECIFIED required-field violation,false,record actual status/body,EC-05
TC-06,EP,,OMIT_KEY,Test1234!,,application/json,POST,/api/login,,,,,UNSPECIFIED required-field violation,false,email key omitted from JSON body,EC-06
TC-08,EP,test@eshop.com,,WrongPass1!,,application/json,POST,/api/login,,,account counter=0,,UNSPECIFIED exact code,false,counter+1; appropriate error cause not leaked,"EC-09,TR-01"
TC-09,EP,test@eshop.com,,,,application/json,POST,/api/login,,,,,UNSPECIFIED required-field violation,false,record actual status/body,EC-10
TC-10,EP,test@eshop.com,,,OMIT_KEY,application/json,POST,/api/login,,,,,UNSPECIFIED required-field violation,false,password key omitted from JSON body,EC-11
TC-11,EP,test@eshop.com, ,Test1234! ,,application/json,POST,/api/login,,,"account exists, unlocked, counter=0 (reset before running this row); note: if the server does not trim, this attempt is itself a failed login and leaves counter=1",,UNSPECIFIED trim behavior,UNSPECIFIED,record token presence/absence,EC-12
TC-12,EP,,,,,application/json,POST,/api/login,,,both fields empty simultaneously,,UNSPECIFIED combination case,false,record actual status/body; compare shape against TC-05/TC-09 (do not assert must match or differ),"EC-05,EC-10"
TC-13,BVA,test@eshop.com,,Test1234!,,application/json,POST,/api/login,,,lock started at T=0 via fresh 3-failure sequence; send at T=29s,,still locked expected,false,rejected cause not leaked,BVA-01
TC-14,BVA,test@eshop.com,,Test1234!,,application/json,POST,/api/login,,,lock started at T=0; send at T=30s exactly,,UNSPECIFIED boundary inclusivity,UNSPECIFIED,record locked vs unlocked outcome,BVA-02
TC-16,State,test@eshop.com,,WrongPass1!,,application/json,POST,/api/login,,,3 consecutive requests; counter=0 to 3,,UNSPECIFIED exact code per attempt,false,attempts1-2 same class as EC-09; attempt3 triggers lock,"TR-01,TR-02,TR-03"
TC-17,State,test@eshop.com,,WrongPass1!,,application/json,POST,/api/login,,,immediately after TC-16 lock triggered,,UNSPECIFIED exact code,false,rejected cause not leaked while locked,TR-07
TC-18,State,test@eshop.com,,Test1234!,,application/json,POST,/api/login,,,immediately after TC-16 lock triggered,,UNSPECIFIED exact code,false,rejected despite correct credentials (fail-closed),"TR-08,SEC-C-05"
TC-20,State,test@eshop.com,,WrongPass1!,,application/json,POST,/api/login,,,>30s since prior lock cycle fully expired; 3 more consecutive failures,,UNSPECIFIED exact code; do not assume the 3rd attempt triggers lock,false,"lock must re-arm during this 2nd cycle (not one-shot); record which attempt number (1-3) re-triggers it, since the post-unlock counter value is UNSPECIFIED (state-model.md TR-09)","TR-03,TR-09"
TC-22,Security,test@eshop.com,,WrongPass1!,,application/json,POST,/api/login,,,account exists,,UNSPECIFIED exact code,false,error body must not contain password/passwordHash,SEC-C-02
TC-24,Security,test@eshop.com,,WrongPass1!,,application/json,POST,/api/login,,,account exists,,UNSPECIFIED exact code,false,no token field on failed auth,SEC-C-04
TC-25,Security,' OR '1'='1' -- ,,x,,application/json,POST,/api/login,,,SQLi probe on email,,UNSPECIFIED exact code but must not be 200,false,payload treated as literal string; no SQL error/stack trace in body,SEC-C-06
TC-26,Security,test@eshop.com,,' OR '1'='1,,application/json,POST,/api/login,,,"account unlocked, counter=0 (reset before running this row, so that a successful bypass would actually be observable); SQLi probe on password",,UNSPECIFIED exact code but must not be 200,false,payload treated as literal string; no SQL error/stack trace in body,SEC-C-07
TC-27,Security,admin@eshop.com'-- ,,anything,,application/json,POST,/api/login,,,SQLi comment-bypass probe on admin account,,UNSPECIFIED exact code but must not be 200,false,payload treated as literal string; no SQL error/stack trace in body,SEC-C-08
TC-28,Schema,,,,,,,,,,"compare bodies of TC-05,TC-09,TC-08,TC-03,TC-17",,,,"record (do not assert) whether the five error bodies share a top-level key set; credential-rejection subset (TC-03,TC-08,TC-17) governed by line 42 message content, see TC-29 and TC-42; required-field subset (TC-05,TC-09) has no defined envelope, so a difference is an observation not a defect (characterization for that subset)",SC-08
TC-29,Schema,,,,,,,,,,compare bodies of TC-03 vs TC-08,,,,content must not distinguish unknown-email from wrong-password,SC-09
TC-30,Schema,,,,,,,,,,inspect TC-17 locked error body,,,,must not contain password/passwordHash,SC-10
TC-31,Schema,,,,,,,,,,"check status codes of TC-03,TC-05,TC-08,TC-09,TC-17",,all non-2xx,,exact codes UNSPECIFIED,SC-11
TC-32,Schema,12345,RAW_TYPE_NUMBER,Test1234!,,application/json,POST,/api/login,,,email sent as JSON number not string,,UNSPECIFIED exact code,false,"UNSPECIFIED - record the status, Content-Type, whether the body parses as JSON, and whether it exposes a stack trace or an HTML error page; assert none of these (characterization)",SC-12
TC-33,Schema,test@eshop.com,,"[""a"",""b""]",RAW_TYPE_ARRAY,application/json,POST,/api/login,,,password sent as JSON array not string,,UNSPECIFIED exact code,false,"UNSPECIFIED - record the status, Content-Type, whether the body parses as JSON, and whether it exposes a stack trace or an HTML error page; assert none of these (characterization)",SC-13
TC-34,Schema,,,,,application/json,POST,/api/login,,"{""email"":""test@eshop.com"",""password"":}",malformed JSON syntax,,UNSPECIFIED exact code,false,"UNSPECIFIED - record the status, Content-Type, whether the body parses as JSON, and whether it exposes a stack trace or an HTML error page; assert none of these (characterization); no authoritative source defines this behavior",SC-14
TC-35,Schema,test@eshop.com,,Test1234!,,OMIT_HEADER,POST,/api/login,,,no Content-Type header sent,,UNSPECIFIED,UNSPECIFIED,record actual status/body,SC-15
TC-40,Security (concurrency),test@eshop.com,,WrongPass1!,,application/json,POST,/api/login,,,"disposable/reset test account, counter=0, unlocked; fire 3 POST /api/login requests concurrently with this row's wrong password, then send one more correct-credential request to verify final lock state",,UNSPECIFIED exact code per concurrent attempt,false,account must end up LOCKED with no lost-update (counter must not settle at 1 or 2); verify via an immediate follow-up correct-credential attempt being rejected,srs.md FR-02 lines 41-42 (concurrency)
TC-41,Schema,,RAW_TYPE_NULL,Test1234!,,application/json,POST,/api/login,,,"email sent as JSON null literal, not an omitted key (TC-06) and not an empty string (TC-05)",,UNSPECIFIED exact code,false,"UNSPECIFIED - record the status, Content-Type, whether the body parses as JSON, and whether it exposes a stack trace; assert none of these (characterization)",api_specification.md 1.2 (type implied by example); SC-12/SC-13 (cross-ref)
TC-42,Schema / Security (message content),,,,,,,,,,"analysis-only, fires no new HTTP request; results of TC-17 (locked-account error body) and TC-03 (unknown-email error body) available from the same run",,,,content must not let a client distinguish this email exists and is currently locked from this email is not registered (compare TC-17 vs TC-03 message content),srs.md FR-02 line 42
TC-43a,"State (counter scope, interleaved)",test@eshop.com,,WrongPass1!,,application/json,POST,/api/login,,,"both test@eshop.com and admin@eshop.com fresh/reset, unlocked, counter=0 before TC-43a; interleave step 1 of 5 (test fail 1)",,UNSPECIFIED exact code,false,"failed login attempt (test); part of the 5-step interleave for TC-43, see TC-43f/TC-43g for the counter-scope characterization",srs.md FR-02 lines 41-42; specs/requirements.md Unspecified constraints (counter scope)
TC-43b,"State (counter scope, interleaved)",admin@eshop.com,,WrongPass1!,,application/json,POST,/api/login,,,"interleave step 2 of 5 (admin fail 1); wrong password value reuses the suite's standard sentinel, no source specifies an admin-specific wrong password",,UNSPECIFIED exact code,false,failed login attempt (admin); part of the 5-step interleave for TC-43,srs.md FR-02 lines 41-42; specs/requirements.md Unspecified constraints (counter scope)
TC-43c,"State (counter scope, interleaved)",test@eshop.com,,WrongPass1!,,application/json,POST,/api/login,,,interleave step 3 of 5 (test fail 2),,UNSPECIFIED exact code,false,failed login attempt (test); part of the 5-step interleave for TC-43,srs.md FR-02 lines 41-42; specs/requirements.md Unspecified constraints (counter scope)
TC-43d,"State (counter scope, interleaved)",admin@eshop.com,,WrongPass1!,,application/json,POST,/api/login,,,interleave step 4 of 5 (admin fail 2),,UNSPECIFIED exact code,false,failed login attempt (admin); part of the 5-step interleave for TC-43,srs.md FR-02 lines 41-42; specs/requirements.md Unspecified constraints (counter scope)
TC-43e,"State (counter scope, interleaved)",test@eshop.com,,WrongPass1!,,application/json,POST,/api/login,,,"interleave step 5 of 5 (test fail 3); this is test@eshop.com's 3rd failure, per-account scope reading predicts LOCKED after this attempt",,UNSPECIFIED exact code,false,failed login attempt (test); part of the 5-step interleave for TC-43,srs.md FR-02 lines 41-42; specs/requirements.md Unspecified constraints (counter scope)
TC-43f,"State (counter scope, interleaved)",test@eshop.com,,Test1234!,,application/json,POST,/api/login,,,probe test@eshop.com's lock state with correct credentials immediately after the TC-43a..e interleave,,"UNSPECIFIED - depends on counter/lock scope reading (per-account, per-IP, or global)",,record presence/absence of token; per-account scope predicts LOCKED (no token) since test@eshop.com had 3 consecutive failures; per-IP/global scope may differ; do not assert either reading (characterization),srs.md FR-02 lines 41-42; specs/requirements.md Unspecified constraints (counter scope)
TC-43g,"State (counter scope, interleaved)",admin@eshop.com,,Admin123!,,application/json,POST,/api/login,,,probe admin@eshop.com's lock state with correct credentials immediately after TC-43f,,"UNSPECIFIED - depends on counter/lock scope reading (per-account, per-IP, or global)",,record presence/absence of token; per-account scope predicts token issued (admin had only 2 failures); per-IP/global scope may predict LOCKED since a 3rd attempt occurred overall; do not assert either reading (characterization),srs.md FR-02 lines 41-42; specs/requirements.md Unspecified constraints (counter scope)
TC-46,EP x State intersection (security),test@eshop.com,,Test1234!,,application/json,POST,/api/login,,,"account fresh/reset, unlocked, counter=0; three consecutive failed logins fired immediately before this row using WrongPass1! against email case variants test@eshop.com, TEST@ESHOP.COM, Test@Eshop.com (not formally asserted by this row); this row is the final correct-credential probe using exact-case test@eshop.com; conditional on TC-02's recorded case-sensitivity result",,"UNSPECIFIED - if TC-02 showed case-insensitive lookup, account should be LOCKED and this probe should be rejected (a success is a lockout bypass); if case-sensitive, outcome is UNSPECIFIED",,record token presence/absence together with TC-02's recorded case-sensitivity observation; do not assert an outcome before TC-02's result is known,srs.md FR-02 lines 41-42; depends on TC-02's recorded case-sensitivity observation
